text,reactions,date
Denim haul! ğŸ‘–âœ¨ I feel like itâ€™s sooo hard to find denim I like so I always buy extra to try!! Plus it helps since I like to try new styles and brands ğŸ¤—ğŸ›ï¸ Comment â€œLinkâ€ for all outfit details!ğŸ’–,"""I mean sure some are big or whatever, but honestly, everything looks good on you!! ğŸ«¶ğŸ», It really is hard!! incorrect sizing, too low rise, not high rise enoughğŸ˜‚, Link please! Love all the jeans ğŸ˜, Love them. Link pls!, You seem to keep all the ones I would return lol""","April 4, 2024"
Spring dresses ğŸ’• which one is your favorite? ğŸŒ¸Comment â€œLINKâ€ for details or shop on my LTK page! All are under $100 except one which is $128 ğŸ˜‹,"""Love them allğŸ˜ I canâ€™t choose!! Maybe the yellow dress but I also love the short pink one!, WOW!!!! Absolutely stunning!!! ğŸ¤©ğŸ©·ğŸ«¶ğŸ½ I love them all on you!!! ğŸ‘ğŸ½ğŸ’¯, So gorgeous in all of them! My fav are the last twoğŸ’›, I love the yellow one on you!ğŸ˜ğŸ˜ğŸ˜, You look amazing Jess everything what you wear â¤ï¸â¤ï¸â¤ï¸,  All perfect for springğŸ˜ğŸŒ¸""",
"Sisters ğŸ–¤ happy new year everyone ğŸ¥³ it is always so good to spend time with my family ğŸ¥° no matter how hard it gets to come all together as we get older, it is so important to continue trying!! ğŸ™ŒğŸ¼ comment â€œLINKâ€ for details about our looks!","""Happy New Year!!! Hope 2024 is a great year full of good health and happiness!!!, Link thank you! I canâ€™t find the jacket in your LTK, Link! I love the jeans, Link! I love the jeans, You guys look more alike""",
I hope everyone had a lovely Thanksgiving! Still reminiscing our Vegas trip! Swipe to see the last slide for a fun surprise!! Does anyone recognize them?? Like WHATT ğŸ˜ Sooo much fun ğŸ™ŒğŸ¼ â¤ï¸ & comment LINK for outfit details! @venetianvegas @julietcocktailroom,"""I think your ex suited you better. ğŸ˜• The new one looks like a child. Sorry I have to say it ğŸ™ˆ, Omg last slide ğŸ’œ Orlando Bloom and Katy Perry, Why is ur bf so underdressed ğŸ˜‚, hahah just partying with Legolas and Katy Perry, Lovely â¤ï¸â¤ï¸â¤ï¸ wow, so close to celebs! So jelly indeedâ€¦""",
"BANANA CREAM OVERNIGHT OATS âœ¨
If you love banana cream pie you must try this recipe! Banana Flavored Milk really adds the perfect amount of sweetness and flavor so you donâ€™t need to add any additional sweetener. To all Hawaii residents â€” make sure to enter the @EnjoyMelona dessert competition by November 30! Win up to $10,000! Further details at: Melonaicecream.com/alohamelona

Purchase Banana Milk Here: https://www.amazon.com/Binggrae-Banana-Flavor-Milk-Pack/dp/B00PJCBM74?th=1

Ingredients:
(3 servings fit in one 16 oz wide mouth mason jar) 
300 ML @enjoymelona Banana Flavored Milk (1.5 cartons)
3/4 c rolled oats
1.5 tbsp chia seeds
1.5 tbsp cashew butter 
Vanilla yogurt
Fresh banana slices
Graham cracker crumbs

Directions:
Mix all in ingredients together and cover and store in fridge for at least 2 hours, overnight is ideal. 
When ready to eat layer with vanilla yogurt, fresh banana slices and Graham cracker crumbs. 
(To save time you can also mix the yogurt in with the oats and chia seeds before storing in the fridge)

#overnightoats #mealprep #bananacreamoats #binggraebananamilk #overnightoatsrecipe #breakfastrecipe #alohamelona","""Looks so good!!ğŸ˜±, Ooh yum! I wanna try this!, Yumm love a lil meal prep, I loved it! Low key best breakfast ğŸ”¥, 
Need to make this ğŸ˜ğŸ˜""",
Thank you @venetianvegas for a very special stay! Such a wonderful Vegas getaway for @cordonguyâ€™s birthday â¤ï¸ we both had the best time! âœ¨#venetianvegas,"""GorgeousğŸ”¥, Gorgeous! Would like the link for the black dress please TIA, Beautiful inside and out!!! ğŸ˜ğŸ˜ğŸ˜ğŸ˜ all your outfits are perfect, We were just there ğŸ˜, Awww I miss you!! ğŸ¥², Jessica, your Vegas looks are so fun and beautiful!""",